"iso3","year","publicOrderSafetySpendingLcu","publicOrderSafetySpendingPctGdp","publicOrderSafetySpendingPerCapitaPpp","oecdAccidentalPoisoningDeathsPer100k","wbUnintentionalPoisoningDeathsPer100k","spendingCurrency"
"AUS","1998","10174000000","1.723668","420.339204","3.6",,"AUD"
"AUS","1999","10460000000","1.679196","428.713724","5.4",,"AUD"
"AUS","2000","11799000000","1.777378","472.51275","4.2","0.37","AUD"
"AUS","2001","12968000000","1.829664","506.592964","3.1","0.27","AUD"
"AUS","2002","13946000000","1.840607","535.249203","2.8","0.3","AUD"
"AUS","2003","15334000000","1.906161","575.036272","3.3","0.43","AUD"
"AUS","2004","16079000000","1.857832","591.060158","3.6","0.37","AUD"
"AUS","2005","17477000000","1.885471","623.896872",,"0.28","AUD"
"AUS","2006","19948000000","1.992192","695.080344","3.5","0.24","AUD"
"AUS","2007","21512000000","1.971668","723.763095","3.7","0.2","AUD"
"AUS","2008","23068000000","1.951215","733.969089","4.1","0.18","AUD"
"AUS","2009","24784000000","1.958412","791.873962","4.6","0.14","AUD"
"AUS","2010","26171000000","1.999992","790.084203","4.3","0.15","AUD"
"AUS","2011","27525000000","1.934362","815.387937","4.5","0.23","AUD"
"AUS","2012","27768000000","1.844098","793.096101","4.2","0.16","AUD"
"AUS","2013","28497000000","1.845998","851.438326","4.6","0.22","AUD"
"AUS","2014","30297000000","1.886116","888.522608","5.5","0.16","AUD"
"AUS","2015","31702000000","1.943969","903.257341","5.6","0.15","AUD"
"AUS","2016","33457000000","2.010104","953.71831","6.1","0.15","AUD"
"AUS","2017","36516000000","2.069255","1004.930197","6.3","0.13","AUD"
"AUS","2018","39194000000","2.119822","1067.780395","6.4","0.15","AUD"
"AUS","2019","41896000000","2.142815","1133.245596","5.9","0.12","AUD"
"AUS","2020","44592000000","2.241924","1214.767641","6.2","0.15","AUD"
"AUS","2021","47309000000","2.262481","1319.646729","5.3","0.12","AUD"
"AUS","2022","49842000000","2.132824","1409.864292","5.8",,"AUD"
"AUS","2023","52744000000","2.046711","1479.21325","4.7",,"AUD"
"AUT","1995","2646250000","1.504261","355.066084","1.9",,"EUR"
"AUT","1996","2729540000","1.503532","367.264107","1.8",,"EUR"
"AUT","1997","2825670000","1.504787","380.720799","1.3",,"EUR"
"AUT","1998","2912080000","1.491275","395.649335","1.1",,"EUR"
"AUT","1999","3045000000","1.49952","412.369397","1.2",,"EUR"
"AUT","2000","3018600000","1.421141","415.271357","1.5","0.18","EUR"
"AUT","2001","3147760000","1.434887","424.055639","1.1","0.16","EUR"
"AUT","2002","3236330000","1.437807","445.032495","0.7","0.2","EUR"
"AUT","2003","3311480000","1.43639","459.053803","0.3","0.19","EUR"
"AUT","2004","3502210000","1.455968","488.018787","0.4","0.14","EUR"
"AUT","2005","3474740000","1.376926","478.848916","0.3","0.16","EUR"
"AUT","2006","3630910000","1.365344","510.47602","0.5","0.33","EUR"
"AUT","2007","3678940000","1.303626","510.921982","0.5","0.36","EUR"
"AUT","2008","3898640000","1.335854","548.325302","0.2","0.21","EUR"
"AUT","2009","4025720000","1.406247","572.154941","0.3","0.21","EUR"
"AUT","2010","4011950000","1.364374","569.427728","0.3","0.29","EUR"
"AUT","2011","4085130000","1.325622","585.547921","0.2","0.2","EUR"
"AUT","2012","4239700000","1.339179","618.118091","0.2","0.22","EUR"
"AUT","2013","4263060000","1.327263","630.713607","0.2","0.17","EUR"
"AUT","2014","4414590000","1.337295","646.655492","0.3","0.16","EUR"
"AUT","2015","4621020000","1.350845","669.334693","0.3","0.11","EUR"
"AUT","2016","4805850000","1.351227","708.014136","0.3","0.13","EUR"
"AUT","2017","5041650000","1.372644","739.440806","0.3","0.14","EUR"
"AUT","2018","5226480000","1.363782","772.398235","0.3","0.049","EUR"
"AUT","2019","5302560000","1.340023","808.769652","0.4","0.16","EUR"
"AUT","2020","5457660000","1.435026","839.820682","0.3","0.14","EUR"
"AUT","2021","5668680000","1.395431","878.688109","0.8","0.18","EUR"
"AUT","2022","5978700000","1.330427","958.778525","0.8",,"EUR"
"AUT","2023","6447800000","1.349371","992.390531","0.8",,"EUR"
"BEL","1995","3014500000","1.432141","321.46223","2",,"EUR"
"BEL","1996","3159000000","1.47419","335.307785","1.8",,"EUR"
"BEL","1997","3336600000","1.488879","353.362325","1.7",,"EUR"
"BEL","1998","3439100000","1.478396","360.29051","0.8",,"EUR"
"BEL","1999","3672700000","1.515718","385.611419","0.7",,"EUR"
"BEL","2000","3874300000","1.511177","420.01718","1.3","0.5","EUR"
"BEL","2001","4462700000","1.688275","486.113699","1.3","0.58","EUR"
"BEL","2002","4689100000","1.716011","519.64726","1.2","0.54","EUR"
"BEL","2003","4919400000","1.74943","541.109619","1.2","0.41","EUR"
"BEL","2004","4882000000","1.64477","527.307979","1.4","0.57","EUR"
"BEL","2005","5185300000","1.672475","554.891787","1.7","0.48","EUR"
"BEL","2006","5649700000","1.737559","612.514748","1.9","0.37","EUR"
"BEL","2007","5756900000","1.675374","616.507156","2.1","0.39","EUR"
"BEL","2008","6258300000","1.779225","674.029587","2.1","0.47","EUR"
"BEL","2009","6432100000","1.849714","701.146146","2.1","0.37","EUR"
"BEL","2010","6592100000","1.814794","723.013377","2.1","0.57","EUR"
"BEL","2011","6856200000","1.81024","746.630684","1.7","0.45","EUR"
"BEL","2012","7075500000","1.823888","774.852125","1.8","0.38","EUR"
"BEL","2013","7220100000","1.829651","802.560198","1.7","0.36","EUR"
"BEL","2014","7278600000","1.79737","811.470302","1.9","0.36","EUR"
"BEL","2015","7041600000","1.694574","780.722812","2.1","0.41","EUR"
"BEL","2016","7247800000","1.691565","818.96367","1.8","0.3","EUR"
"BEL","2017","7469100000","1.684479","846.552698","1.8","0.39","EUR"
"BEL","2018","7868000000","1.712327","898.401791","1.9","0.43","EUR"
"BEL","2019","7979000000","1.664216","943.818142","1.7","0.47","EUR"
"BEL","2020","8220500000","1.772611","994.791057","1.7","0.35","EUR"
"BEL","2021","8528200000","1.685258","1022.432668","1.9","0.42","EUR"
"BEL","2022","9467200000","1.686629","1165.934984",,,"EUR"
"BEL","2023","10130700000","1.681789","1209.982545",,,"EUR"
"BGR","1995","5512000","0.432084","33.743363","3.9",,"EUR"
"BGR","1996","8012000","0.366323","25.312636","3.9",,"EUR"
"BGR","1997","110475000","0.580459","33.672925","3.4",,"EUR"
"BGR","1998","230240000","0.870142","54.095694","3.1",,"EUR"
"BGR","1999","264087000","1.054537","61.726317","2.9",,"EUR"
"BGR","2000","291983000","1.038166","66.747299","2.9","0.98","EUR"
"BGR","2001","431065000","1.39113","96.248301","2.6","0.95","EUR"
"BGR","2002","434174000","1.274407","97.32327","2.4","0.93","EUR"
"BGR","2003","508193000","1.387069","112.639574","2.4","0.96","EUR"
"BGR","2004","574160000","1.393548","123.409877","2.4","0.92","EUR"
"BGR","2005","620488000","1.319703","130.544558","2.4","1.13","EUR"
"BGR","2006","699933000","1.30564","140.574282","1.8","0.82","EUR"
"BGR","2007","908903000","1.431468","172.548943","2","0.95","EUR"
"BGR","2008","986241000","1.353852","181.817892","2","0.91","EUR"
"BGR","2009","1057520000","1.445065","192.367676","1.6","0.74","EUR"
"BGR","2010","957246000","1.278244","180.482045","1.5","0.81","EUR"
"BGR","2011","968954000","1.194377","178.606687","1.3","0.71","EUR"
"BGR","2012","937259000","1.134108","175.434484","1.1","0.54","EUR"
"BGR","2013","1100090000","1.33744","211.711253","1.3","0.63","EUR"
"BGR","2014","1207733000","1.435254","242.255238","1.1","0.61","EUR"
"BGR","2015","1279380000","1.428336","252.143329","1.1","0.77","EUR"
"BGR","2016","1113430000","1.167736","225.934183","0.9","0.41","EUR"
"BGR","2017","1296856000","1.262971","262.673314","1.1","0.77","EUR"
"BGR","2018","1378024000","1.258172","284.420686","1","0.45","EUR"
"BGR","2019","1633010000","1.364413","343.99064","0.8","0.53","EUR"
"BGR","2020","1672671000","1.382613","356.224008","1.3","0.77","EUR"
"BGR","2021","1923235000","1.378301","406.015991","1.1","0.73","EUR"
"BGR","2022","2185558000","1.29819","451.844002","0.8",,"EUR"
"BGR","2023","2462310000","1.331878","516.823294",,,"EUR"
"CHE","1995","6228880000","1.492919","460.442664","0.7",,"CHF"
"CHE","1996","6306690000","1.500277","472.729337","0.4",,"CHF"
"CHE","1997","6308250000","1.474489","482.684085","0.3",,"CHF"
"CHE","1998","6426590000","1.460738","494.604498","0.3",,"CHF"
"CHE","1999","6412210000","1.433006","497.863877","0.2",,"CHF"
"CHE","2000","6683930000","1.417468","520.254284","0.4","0.21","CHF"
"CHE","2001","7025180000","1.452573","549.347294","0.6","0.21","CHF"
"CHE","2002","7372910000","1.529404","591.955349","0.3","0.12","CHF"
"CHE","2003","7756210000","1.59067","616.104379","0.5","0.084","CHF"
"CHE","2004","7827720000","1.558482","626.060601","0.3","0.069","CHF"
"CHE","2005","7972800000","1.530734","635.634801","0.4","0.11","CHF"
"CHE","2006","8121990000","1.4668","678.625215","2.7","0.18","CHF"
"CHE","2007","8379070000","1.422387","724.387943","2.7","0.12","CHF"
"CHE","2008","8767310000","1.426953","767.826114","2.8","0.19","CHF"
"CHE","2009","9134650000","1.514769","802.81234","2.4","0.094","CHF"
"CHE","2010","9380490000","1.501972","817.467283","2.2","0.18","CHF"
"CHE","2011","9884800000","1.554853","893.940405","1.8","0.1","CHF"
"CHE","2012","10062280000","1.563326","929.255399","1.6","0.11","CHF"
"CHE","2013","10541930000","1.61041","992.921729","1.7","0.1","CHF"
"CHE","2014","10812690000","1.624458","1030.183153","1.7","0.1","CHF"
"CHE","2015","11028470000","1.650953","1077.495093","1.9","0.24","CHF"
"CHE","2016","11091470000","1.636276","1102.044233","1.5","0.098","CHF"
"CHE","2017","11335250000","1.655848","1129.181029","1.8","0.11","CHF"
"CHE","2018","11671620000","1.644999","1162.830112","1.7","0.13","CHF"
"CHE","2019","11937280000","1.665175","1227.770435","1.4","0.097","CHF"
"CHE","2020","12085390000","1.734861","1266.41099","2","0.17","CHF"
"CHE","2021","12219940000","1.640113","1328.514533","1.7","0.12","CHF"
"CHE","2022","12815440000","1.619978","1529.606912","1.7",,"CHF"
"CHE","2023","12998600000","1.617482","1538.898306","1.9",,"CHF"
"COL","2009","9827860000000","1.959404","203.138229","0.3","0.087","COP"
"COL","2010","10895010000000","2.002538","217.097742","0.3","0.11","COP"
"COL","2011","10617770000000","1.715246","200.811817","0.5","0.1","COP"
"COL","2012","12625080000000","1.894216","229.06893","0.5","0.12","COP"
"COL","2013","14575560000000","2.041129","260.853984","0.3","0.1","COP"
"COL","2014","15638160000000","2.049823","273.76127","0.3","0.12","COP"
"COL","2015","16711480000000","2.076755","276.874107","0.3","0.11","COP"
"COL","2016","18771540000000","2.17318","304.828519","0.4","0.11","COP"
"COL","2017","20774150000000","2.256904","325.008083","0.4","0.13","COP"
"COL","2018","22181501400000","2.245566","342.210936","0.5","0.14","COP"
"COL","2019","23883179730000","2.252986","364.568918","0.7","0.15","COP"
"COL","2020","23797003860000","2.383345","369.876245","0.6","0.17","COP"
"COL","2021","27083486720000","2.270897","394.752029","0.7","0.19","COP"
"COL","2022","30014139980000","2.040281","425.480185",,,"COP"
"COL","2023","35374127780000","2.232423","474.309007",,,"COP"
"CRI","2012","545042051000","2.294637","331.890303","1.3","0.13","CRC"
"CRI","2013","622856949000","2.44613","372.596395","1.2","0.11","CRC"
"CRI","2014","707421310000","2.526385","414.170727","1.4","0.13","CRC"
"CRI","2015","760537171000","2.520679","441.752505","1.2","0.11","CRC"
"CRI","2016","831236934000","2.593054","497.911667","1.6","0.19","CRC"
"CRI","2017","858671482000","2.500234","512.531532","0.8","0.074","CRC"
"CRI","2018","904322730000","2.510981","539.811568","2","0.17","CRC"
"CRI","2019","904682831000","2.391307","558.121698","2.8","0.081","CRC"
"CRI","2020","942765227000","2.583255","570.895915","2.9","0.16","CRC"
"CRI","2021","958780433000","2.377537","567.112113","3.3","0.13","CRC"
"CRI","2022","969699656000","2.164024","567.542802","2.4",,"CRC"
"CZE","1995","29623000000","1.842695","257.18993","3.4",,"CZK"
"CZE","1996","33298000000","1.809127","267.403972","3.1",,"CZK"
"CZE","1997","37815000000","1.907514","284.431938","3.3",,"CZK"
"CZE","1998","36173000000","1.667816","251.235845","3",,"CZK"
"CZE","1999","42891000000","1.891742","293.106166","2.8",,"CZK"
"CZE","2000","44596000000","1.858399","303.519128","2.9","1.22","CZK"
"CZE","2001","48263000000","1.862305","329.803933","3.2","1.34","CZK"
"CZE","2002","54002000000","1.996771","366.288379","2.9","1.23","CZK"
"CZE","2003","59071000000","2.084959","408.737304","2.8","1.09","CZK"
"CZE","2004","61596000000","1.994833","418.67799","2.8","0.99","CZK"
"CZE","2005","67149000000","2.041938","451.571326","3","1.1","CZK"
"CZE","2006","71887000000","2.036314","486.967816","2.8","0.88","CZK"
"CZE","2007","74008000000","1.918982","504.070542","2.9","0.87","CZK"
"CZE","2008","76070000000","1.884057","526.36481","2.9","0.91","CZK"
"CZE","2009","78440000000","1.988085","550.962885","3.1","0.87","CZK"
"CZE","2010","77474000000","1.921025","540.84242","3","1.05","CZK"
"CZE","2011","71451000000","1.744684","510.096501","3.1","1.01","CZK"
"CZE","2012","69561000000","1.689035","497.684558","3.8","1.06","CZK"
"CZE","2013","71489000000","1.714771","531.802135","3.9","1.07","CZK"
"CZE","2014","72936000000","1.66597","545.496592","3.6","0.85","CZK"
"CZE","2015","84328000000","1.812799","618.037928","3.9","0.85","CZK"
"CZE","2016","82780000000","1.709261","622.940829","4.1","0.81","CZK"
"CZE","2017","89310000000","1.72435","678.463139","4.1","0.87","CZK"
"CZE","2018","100539000000","1.83607","764.505996","3.5","0.46","CZK"
"CZE","2019","109519000000","1.859763","848.312561","3.1","0.37","CZK"
"CZE","2020","121753000000","2.08899","936.692452","3.4","0.4","CZK"
"CZE","2021","119425000000","1.893304","904.924387","3.8","0.57","CZK"
"CZE","2022","120716000000","1.712315","906.618724","3.3",,"CZK"
"CZE","2023","135008000000","1.762586","982.842226","3.4",,"CZK"
"DEU","1995","29620000000","1.559005","368.40144","0.3",,"EUR"
"DEU","1996","30463000000","1.579572","381.76794","0.3",,"EUR"
"DEU","1997","31163000000","1.584146","390.483376","0.3",,"EUR"
"DEU","1998","32118000000","1.588184","404.127005","0.3",,"EUR"
"DEU","1999","33298000000","1.602992","425.08048","0.3",,"EUR"
"DEU","2000","33081000000","1.553347","426.761256","0.7","0.1","EUR"
"DEU","2001","34568000000","1.574472","451.466684","1.2","0.13","EUR"
"DEU","2002","35563000000","1.599516","472.076085","1","0.1","EUR"
"DEU","2003","35587000000","1.588131","481.225978","0.9","0.12","EUR"
"DEU","2004","35680000000","1.556013","494.083478","0.8","0.11","EUR"
"DEU","2005","36121000000","1.553117","501.870176","0.8","0.13","EUR"
"DEU","2006","36505000000","1.504629","522.728094","0.9","0.13","EUR"
"DEU","2007","36806000000","1.44779","534.437134","0.9","0.15","EUR"
"DEU","2008","37692000000","1.455694","559.62038","1","0.15","EUR"
"DEU","2009","39344000000","1.577565","592.754164","0.9","0.13","EUR"
"DEU","2010","40006000000","1.529714","607.695718","0.8","0.13","EUR"
"DEU","2011","40873000000","1.487963","645.751237","0.7","0.12","EUR"
"DEU","2012","42067000000","1.502779","664.670174","0.7","0.16","EUR"
"DEU","2013","43935000000","1.532716","703.348349","0.8","0.16","EUR"
"DEU","2014","45334000000","1.518997","728.188729","0.8","0.15","EUR"
"DEU","2015","46306000000","1.500018","728.18966","0.8","0.16","EUR"
"DEU","2016","48303000000","1.511732","779.598512","1.1","0.17","EUR"
"DEU","2017","50540000000","1.516302","820.474638","1.3","0.29","EUR"
"DEU","2018","53246000000","1.55054","872.53586","1.3","0.31","EUR"
"DEU","2019","56209000000","1.589046","941.839021","1.4","0.33","EUR"
"DEU","2020","58108000000","1.683938","988.23396","1.4","0.39","EUR"
"DEU","2021","61108000000","1.659488","1037.690709",,"0.4","EUR"
"DEU","2022","63533000000","1.592549","1099.639138",,,"EUR"
"DEU","2023","67331000000","1.595782","1143.921045",,,"EUR"
"DNK","1995","9771870000","0.943599","213.97553","4",,"DKK"
"DNK","1996","10062850000","0.92562","219.582798","3",,"DKK"
"DNK","1997","10324600000","0.902364","224.571923","3",,"DKK"
"DNK","1998","10826440000","0.913456","235.66089","2.5",,"DKK"
"DNK","1999","11450690000","0.922713","245.831313","3",,"DKK"
"DNK","2000","11977570000","0.903298","258.775171","3.4","0.29","DKK"
"DNK","2001","12628960000","0.920293","271.108902","3.5","0.31","DKK"
"DNK","2002","13114390000","0.929124","284.930651","2.3","0.2","DKK"
"DNK","2003","13511280000","0.939005","289.815558","1.9","0.26","DKK"
"DNK","2004","14187200000","0.939752","310.264437","1.8","0.27","DKK"
"DNK","2005","15046850000","0.946296","323.995874","3.4","0.27","DKK"
"DNK","2006","15563960000","0.923545","345.334983","3.5","0.28","DKK"
"DNK","2007","16105440000","0.92393","361.350047","2.7","0.29","DKK"
"DNK","2008","17575910000","0.971195","402.728989","3.2","0.1","DKK"
"DNK","2009","18604530000","1.075699","435.919709","4","0.32","DKK"
"DNK","2010","18990120000","1.047502","450.819716","3.6","0.22","DKK"
"DNK","2011","19590970000","1.059813","471.020212","4.1","0.32","DKK"
"DNK","2012","19300430000","1.019602","456.324446","3.2","0.18","DKK"
"DNK","2013","19468800000","1.005851","471.434215","3.6","0.18","DKK"
"DNK","2014","19943020000","1.00709","482.190795","3.5","0.2","DKK"
"DNK","2015","19934760000","0.981908","480.125754","3.1","0.22","DKK"
"DNK","2016","20595850000","0.980045","507.868794","4.3","0.12","DKK"
"DNK","2017","20421680000","0.932672","515.502526","3.8","0.046","DKK"
"DNK","2018","21110250000","0.940934","538.53058","4","0.12","DKK"
"DNK","2019","22415740000","0.973059","589.624667","4.2","0.21","DKK"
"DNK","2020","23178100000","0.996225","624.456808","3.8","0.087","DKK"
"DNK","2021","24002820000","0.940085","655.381984","3.8","0.0005","DKK"
"DNK","2022","25017790000","0.883624","697.300326","4.1",,"DKK"
"DNK","2023","27311650000","0.979639","763.06332",,,"DKK"
"ESP","1995","9053000000","1.966936","320.13565","2.5",,"EUR"
"ESP","1996","9003000000","1.841308","312.492991","2.5",,"EUR"
"ESP","1997","9511000000","1.832665","328.109329","2.4",,"EUR"
"ESP","1998","10041000000","1.807369","344.897331","2.4",,"EUR"
"ESP","1999","10692000000","1.796244","358.138381","2.1",,"EUR"
"ESP","2000","10996000000","1.698043","366.475149","2","0.44","EUR"
"ESP","2001","12837000000","1.831351","420.338306","1.9","0.48","EUR"
"ESP","2002","13467000000","1.796213","437.877988","1.6","0.33","EUR"
"ESP","2003","14396000000","1.793485","449.399785","1.5","0.38","EUR"
"ESP","2004","15376000000","1.787784","467.680562","1.6","0.38","EUR"
"ESP","2005","16340000000","1.760544","486.433275","1.9","0.61","EUR"
"ESP","2006","17977000000","1.788799","550.033128","1.5","0.53","EUR"
"ESP","2007","20064000000","1.862017","605.829459","1.5","0.42","EUR"
"ESP","2008","21730000000","1.953378","651.450383","1.8","0.63","EUR"
"ESP","2009","21954000000","2.046058","659.204927","1.5","0.52","EUR"
"ESP","2010","23166000000","2.150685","684.018487","1.4","0.49","EUR"
"ESP","2011","23017000000","2.153758","689.538121","1.5","0.43","EUR"
"ESP","2012","21024000000","2.029414","646.769906","1.6","0.44","EUR"
"ESP","2013","20870000000","2.034803","663.6244","1.7","0.51","EUR"
"ESP","2014","20688000000","1.991243","672.262689","1.8","0.43","EUR"
"ESP","2015","21772000000","2.002738","705.53706","1.6","0.34","EUR"
"ESP","2016","21215000000","1.889192","710.576385","1.8","0.39","EUR"
"ESP","2017","21262000000","1.817228","723.715464","1.7","0.37","EUR"
"ESP","2018","21542000000","1.776988","728.834443","1.6","0.35","EUR"
"ESP","2019","22685000000","1.80943","796.922698","1.9","0.39","EUR"
"ESP","2020","23458000000","2.077374","816.986556","2.2","0.36","EUR"
"ESP","2021","24540000000","1.986282","878.962956","2.2","0.34","EUR"
"ESP","2022","25798000000","1.875041","963.751204","2.5",,"EUR"
"ESP","2023","27443000000","1.832268","1020.248037","2.3",,"EUR"
"EST","1995","87200000","3.047206","197.449109","30.1",,"EUR"
"EST","1996","104500000","2.839697","195.707827","24.3",,"EUR"
"EST","1997","123300000","2.696259","215.155762","21.7",,"EUR"
"EST","1998","140100000","2.746827","232.136582","24.9",,"EUR"
"EST","1999","161600000","2.988778","251.418003","23.9",,"EUR"
"EST","2000","169900000","2.752913","259.448456","26.3","3.55","EUR"
"EST","2001","176700000","2.53075","260.892498","30.6","2.62","EUR"
"EST","2002","208400000","2.663308","310.719198","22.1","1.72","EUR"
"EST","2003","221900000","2.536953","333.229844","17.8","1.99","EUR"
"EST","2004","214000000","2.188224","318.124647","23.3","1.46","EUR"
"EST","2005","240200000","2.11715","352.253031","19","2.05","EUR"
"EST","2006","271200000","1.998355","386.567044","16.9","1.34","EUR"
"EST","2007","347500000","2.118623","470.345933","17.3","1.45","EUR"
"EST","2008","442000000","2.659619","606.486727","14.9","0.61","EUR"
"EST","2009","331900000","2.348481","481.179003","18.9","0.86","EUR"
"EST","2010","321500000","2.180878","471.381763","16.1","0.89","EUR"
"EST","2011","343400000","2.051146","505.65602","20.2","1.24","EUR"
"EST","2012","364000000","2.012544","528.142489","25.9","1.19","EUR"
"EST","2013","353700000","1.845722","513.68575","17.6","0.59","EUR"
"EST","2014","384800000","1.889463","555.571104","17.6","0.74","EUR"
"EST","2015","366800000","1.745762","518.711737","15.4","0.45","EUR"
"EST","2016","415900000","1.874356","598.814952","16.8","0.87","EUR"
"EST","2017","453000000","1.862962","642.845672","17.2","0.56","EUR"
"EST","2018","481400000","1.820831","675.910605","12.9","0.87","EUR"
"EST","2019","499800000","1.755405","712.455291","10.3","0.66","EUR"
"EST","2020","540400000","1.939748","788.936905","11.4","1.36","EUR"
"EST","2021","573700000","1.823973","807.136185","14.4","1.42","EUR"
"EST","2022","645200000","1.777365","857.001937","17.3",,"EUR"
"EST","2023","712400000","1.857462","903.417002",,,"EUR"
"FIN","1995","1372000000","1.393544","272.685699","11.9",,"EUR"
"FIN","1996","1456000000","1.427773","286.517667","12.2",,"EUR"
"FIN","1997","1465000000","1.322632","288.163245","10.2",,"EUR"
"FIN","1998","1572000000","1.305312","307.661111","10.8",,"EUR"
"FIN","1999","1661000000","1.309028","324.13922","10.3",,"EUR"
"FIN","2000","1758000000","1.288989","345.227981","10.5","0.55","EUR"
"FIN","2001","1853000000","1.281351","356.190674","11","0.59","EUR"
"FIN","2002","1852000000","1.247642","356.779","9.8","0.7","EUR"
"FIN","2003","1969000000","1.297837","376.926812","10.9","0.66","EUR"
"FIN","2004","1987000000","1.251725","390.477016","12.9","0.96","EUR"
"FIN","2005","2105000000","1.278345","409.680341","14.7","0.82","EUR"
"FIN","2006","2121000000","1.226997","422.582536","15.7","1","EUR"
"FIN","2007","2208000000","1.180376","446.688796","16.4","1.19","EUR"
"FIN","2008","2415000000","1.243224","498.299379","15.9","1.14","EUR"
"FIN","2009","2534000000","1.394338","529.687358","15.3","1.14","EUR"
"FIN","2010","2730000000","1.450993","565.107087","12.8","1.12","EUR"
"FIN","2011","2649000000","1.340214","547.423234","13.1","0.96","EUR"
"FIN","2012","2734000000","1.364421","555.853115","11.8","0.36","EUR"
"FIN","2013","2754000000","1.353337","559.277373","10.7","0.59","EUR"
"FIN","2014","2658000000","1.2912","536.456184","8.8","0.49","EUR"
"FIN","2015","2607000000","1.240295","524.121943","8.6","0.51","EUR"
"FIN","2016","2563000000","1.188131","529.459588","8.4","0.36","EUR"
"FIN","2017","2545000000","1.132591","534.977707","8.5","0.38","EUR"
"FIN","2018","2586000000","1.115112","549.17781","9.4","0.59","EUR"
"FIN","2019","2813000000","1.179366","616.526643","8.4","0.47","EUR"
"FIN","2020","2754000000","1.165039","620.925767","8.6","0.53","EUR"
"FIN","2021","2904000000","1.167371","662.954663","7.6","0.38","EUR"
"FIN","2022","3077000000","1.15618","718.370993","6.3",,"EUR"
"FIN","2023","3378000000","1.238052","785.11057",,,"EUR"
"FRA","1995","18026800000","1.485151","307.446796","0.7",,"EUR"
"FRA","1996","18345600000","1.47121","312.904104","0.8",,"EUR"
"FRA","1997","18365700000","1.424063","316.00192","1",,"EUR"
"FRA","1998","18822000000","1.398036","325.221368","1.3",,"EUR"
"FRA","1999","19514200000","1.398719","338.544204","1.3",,"EUR"
"FRA","2000","20203100000","1.37108","356.582835","1.9","0.37","EUR"
"FRA","2001","22545200000","1.473474","402.948559","1.6","0.32","EUR"
"FRA","2002","24498600000","1.552185","440.045839","1.4","0.33","EUR"
"FRA","2003","25681200000","1.582999","443.62114","1.7","0.41","EUR"
"FRA","2004","26160800000","1.542402","446.082121","1.5","0.42","EUR"
"FRA","2005","26854400000","1.524045","463.785744","1.7","0.42","EUR"
"FRA","2006","27414500000","1.485059","481.508474","1.9","0.41","EUR"
"FRA","2007","28477400000","1.469516","500.608797","1.9","0.4","EUR"
"FRA","2008","30896400000","1.552583","544.23105","2.1","0.39","EUR"
"FRA","2009","32291500000","1.668087","578.576098","2.4","0.4","EUR"
"FRA","2010","33439300000","1.675253","601.542217","2.8","0.43","EUR"
"FRA","2011","33748900000","1.636595","613.892883","3","0.36","EUR"
"FRA","2012","34073000000","1.631625","614.649702","2.9","0.38","EUR"
"FRA","2013","34523000000","1.628173","644.485504","2.8","0.34","EUR"
"FRA","2014","35048200000","1.627323","654.478923","2.8","0.36","EUR"
"FRA","2015","35770300000","1.624888","664.663115","2.7","0.32","EUR"
"FRA","2016","36710900000","1.644887","705.331339","2.4","0.37","EUR"
"FRA","2017","37847200000","1.651504","734.409818","2.3","0.32","EUR"
"FRA","2018","38606200000","1.639077","760.221076","1.8","0.27","EUR"
"FRA","2019","40211100000","1.653276","845.32801","1.6","0.21","EUR"
"FRA","2020","41220200000","1.778054","879.813145","1.9","0.29","EUR"
"FRA","2021","42775700000","1.705501","895.683477","2","0.34","EUR"
"FRA","2022","45474500000","1.713434","977.393419","2.2",,"EUR"
"FRA","2023","48711900000","1.723375","1048.482905",,,"EUR"
"GBR","1995","15467000000","1.809173","372.592133","1.7",,"GBP"
"GBR","1996","16035000000","1.755127","385.190756","1.9",,"GBP"
"GBR","1997","16351000000","1.705825","393.544004","1.9",,"GBP"
"GBR","1998","17389000000","1.734038","410.780307","1.9",,"GBP"
"GBR","1999","19571000000","1.869733","457.963075","1.8",,"GBP"
"GBR","2000","21250000000","1.923496","510.409433",,"0.25","GBP"
"GBR","2001","23308000000","2.025828","565.460331","2","0.3","GBP"
"GBR","2002","25321000000","2.11954","616.554132","1.7","0.29","GBP"
"GBR","2003","27407000000","2.170848","658.064162","1.5","0.23","GBP"
"GBR","2004","31000000000","2.335845","748.665914","1.7","0.25","GBP"
"GBR","2005","32637000000","2.325817","761.149881","1.8","0.19","GBP"
"GBR","2006","33319000000","2.254208","782.828712","2.1","0.29","GBP"
"GBR","2007","35367000000","2.2792","809.617462","2.5","0.27","GBP"
"GBR","2008","37008000000","2.309799","848.731001","2.7","0.32","GBP"
"GBR","2009","38974000000","2.499287","875.78855","2.9","0.34","GBP"
"GBR","2010","38854000000","2.404571","877.273393","3.1","0.33","GBP"
"GBR","2011","37309000000","2.234145","831.646759","4","0.27","GBP"
"GBR","2012","37560000000","2.181555","836.333776","4.1","0.25","GBP"
"GBR","2013","36417000000","2.035525","813.141927","4.6","0.27","GBP"
"GBR","2014","35762000000","1.90724","787.0571","5.4","0.31","GBP"
"GBR","2015","35939000000","1.864041","792.502037","6","0.33","GBP"
"GBR","2016","35974000000","1.794434","791.079746","6.4","0.31","GBP"
"GBR","2017","37641000000","1.794803","827.637813","6.6","0.33","GBP"
"GBR","2018","38776000000","1.78563","843.035092","8","0.36","GBP"
"GBR","2019","39921000000","1.771935","887.118459","8.1","0.29","GBP"
"GBR","2020","43297000000","2.037774","982.81956","8.8","0.33","GBP"
"GBR","2021","47499000000","2.045033","1043.05737","9","0.33","GBP"
"GBR","2022","53027000000","2.054554","1212.63028",,,"GBP"
"GBR","2023","58337000000","2.119677","1269.927314",,,"GBP"
"GRC","1995","867000000","0.944761","143.77186","2.2",,"EUR"
"GRC","1996","929000000","0.922871","145.614319","2.3",,"EUR"
"GRC","1997","1057000000","0.950597","158.088871","2.6",,"EUR"
"GRC","1998","1133000000","0.935697","163.125532","2.4",,"EUR"
"GRC","1999","1339000000","1.040662","184.800892","2.3",,"EUR"
"GRC","2000","1497000000","1.099432","206.911573","3.1","0.25","EUR"
"GRC","2001","2268000000","1.538266","312.328504","3.9","0.31","EUR"
"GRC","2002","2460000000","1.548121","340.35814","2.9","0.23","EUR"
"GRC","2003","2668000000","1.532488","356.343416","2.7","0.22","EUR"
"GRC","2004","3068000000","1.624095","403.190911","2.9","0.23","EUR"
"GRC","2005","3076000000","1.579271","394.878293","4","0.32","EUR"
"GRC","2006","3113000000","1.452644","407.846166","3.8","0.3","EUR"
"GRC","2007","3478000000","1.516904","438.32275","3.5","0.28","EUR"
"GRC","2008","3839000000","1.608056","489.50799","2.5","0.2","EUR"
"GRC","2009","4237000000","1.808191","541.795406","3.1","0.25","EUR"
"GRC","2010","4036000000","1.805086","502.513045","2.5","0.2","EUR"
"GRC","2011","3587000000","1.76287","452.926739","2.2","0.18","EUR"
"GRC","2012","3539000000","1.90372","467.991054","2.1","0.17","EUR"
"GRC","2013","3372000000","1.893171","487.129482","1.8","0.14","EUR"
"GRC","2014","3763000000","2.137196","565.292159","1.6","0.18","EUR"
"GRC","2015","3694000000","2.106489","560.488855","2.6","0.088","EUR"
"GRC","2016","3794000000","2.174858","598.184853","2.2","0.16","EUR"
"GRC","2017","3803000000","2.144003","614.936204","2.5","0.26","EUR"
"GRC","2018","4092000000","2.265584","674.964226","2.5","0.11","EUR"
"GRC","2019","3850000000","2.079045","663.784445","2.6","0.23","EUR"
"GRC","2020","3951000000","2.35825","696.463921","2.6","0.3","EUR"
"GRC","2021","4004000000","2.169313","727.395622","2.7","0.19","EUR"
"GRC","2022","4146000000","2.002815","793.363801","2.6",,"EUR"
"GRC","2023","4372000000","1.945824","831.071485",,,"EUR"
"HRV","1995","647600000","4.120611","334.635536","1.6",,"EUR"
"HRV","1996","638320000","3.686377","327.496002","1.9",,"EUR"
"HRV","1997","686750000","3.49484","336.181073","1.6",,"EUR"
"HRV","1998","756870000","3.482048","346.523798","1.6",,"EUR"
"HRV","1999","820570000","3.678188","368.579938","1.4",,"EUR"
"HRV","2000","738860000","3.083032","329.364953","1.4","0.56","EUR"
"HRV","2001","704410000","2.734958","316.799831","1.9","0.62","EUR"
"HRV","2002","703700000","2.486828","311.577478","0.9","0.51","EUR"
"HRV","2003","740130000","2.37545","313.808814","1.6","0.81","EUR"
"HRV","2004","783960000","2.330914","329.495811","2","0.87","EUR"
"HRV","2005","820460000","2.267637","336.768671","2","0.85","EUR"
"HRV","2006","874580000","2.214692","368.551598","2.5","0.57","EUR"
"HRV","2007","984620000","2.275944","418.675917","3.6","0.55","EUR"
"HRV","2008","1056840000","2.270097","446.625646","3.2","0.52","EUR"
"HRV","2009","1072410000","2.400342","458.495025","2.9","0.55","EUR"
"HRV","2010","1030200000","2.315782","440.349142","2.9","0.43","EUR"
"HRV","2011","1036350000","2.293881","461.599065","2.4","0.44","EUR"
"HRV","2012","1021960000","2.281594","467.321596","2.8","0.81","EUR"
"HRV","2013","1020910000","2.26559","476.158368","2.2","0.36","EUR"
"HRV","2014","987370000","2.200617","468.794991","2.4","0.38","EUR"
"HRV","2015","1035760000","2.253334","499.951291","2.2","0.37","EUR"
"HRV","2016","1031700000","2.16899","521.949068","2","0.4","EUR"
"HRV","2017","999730000","2.010215","522.442417","2.5","0.33","EUR"
"HRV","2018","1063490000","2.036686","571.523348","3","0.36","EUR"
"HRV","2019","1210140000","2.204041","686.430084","2.3","0.4","EUR"
"HRV","2020","1285540000","2.533382","753.943369","1.8","0.36","EUR"
"HRV","2021","1390760000","2.383761","837.633396","1.4","0.29","EUR"
"HRV","2022","1417270000","2.096149","854.71616",,,"EUR"
"HRV","2023","1687710000","2.131315","1022.166554",,,"EUR"
"HUN","1995","101211000000","1.728453","159.401113","2.4",,"HUF"
"HUN","1996","123017000000","1.720753","161.537026","2.1",,"HUF"
"HUN","1997","153213000000","1.730528","170.395317","1.6",,"HUF"
"HUN","1998","197696000000","1.890117","196.861128","1.7",,"HUF"
"HUN","1999","211689000000","1.815805","197.786283","1.6",,"HUF"
"HUN","2000","262188000000","1.965384","233.323975","1.2","0.58","HUF"
"HUN","2001","314401000000","2.039837","269.722106","1.5","0.95","HUF"
"HUN","2002","395475000000","2.267507","329.521043","1.2","0.71","HUF"
"HUN","2003","406318000000","2.12634","328.731452","1.8","1.23","HUF"
"HUN","2004","417048000000","1.977592","321.371595","1.5","1.05","HUF"
"HUN","2005","448749000000","1.98804","339.781468","1.5","1","HUF"
"HUN","2006","513021000000","2.109292","387.308178","1.7","1.12","HUF"
"HUN","2007","502946000000","1.954687","373.135936","1.4","0.94","HUF"
"HUN","2008","537567000000","1.973941","408.778671","1.3","0.72","HUF"
"HUN","2009","509167000000","1.923722","398.046032","1.4","0.74","HUF"
"HUN","2010","499713000000","1.821937","395.196032","1.3","0.91","HUF"
"HUN","2011","537212000000","1.885479","433.513484","0.9","0.56","HUF"
"HUN","2012","554491000000","1.917381","444.934128","1.2","0.76","HUF"
"HUN","2013","612462000000","2.018439","496.367303","1","0.55","HUF"
"HUN","2014","615461000000","1.874875","483.646769","1","0.51","HUF"
"HUN","2015","697476000000","1.993657","537.045968","0.9","0.41","HUF"
"HUN","2016","821415000000","2.262111","637.438956","1","0.59","HUF"
"HUN","2017","899059000000","2.285592","679.461184","1.4","0.57","HUF"
"HUN","2018","960527000000","2.205371","711.414312","1","0.4","HUF"
"HUN","2019","1011995000000","2.11094","752.069403","1.2","0.49","HUF"
"HUN","2020","1032147420000","2.11472","752.493077","1","0.47","HUF"
"HUN","2021","1010983660000","1.81961","707.595121","1.2","0.46","HUF"
"HUN","2022","1289212960000","1.954821","867.274291","1",,"HUF"
"HUN","2023","1272649000000","1.690269","787.536881","1.2",,"HUF"
"IRL","1995","987200000","1.802817","341.526496","1.8",,"EUR"
"IRL","1996","1070570000","1.779906","364.552695","2.4",,"EUR"
"IRL","1997","1186590000","1.709766","387.046246","1.5",,"EUR"
"IRL","1998","1397790000","1.737879","436.103216","0.8",,"EUR"
"IRL","1999","1444800000","1.557055","421.048786","1.2",,"EUR"
"IRL","2000","1622470000","1.495429","451.857813","0.9","0.59","EUR"
"IRL","2001","1862610000","1.525614","496.945443","1.4","0.61","EUR"
"IRL","2002","1972770000","1.450589","510.926747","1.6","0.64","EUR"
"IRL","2003","2078650000","1.427871","518.038571","0.9","0.51","EUR"
"IRL","2004","2248740000","1.439102","557.353346","0.9","0.48","EUR"
"IRL","2005","2359560000","1.385476","560.650118","1.9","0.57","EUR"
"IRL","2006","2645920000","1.430875","632.770825","2","0.47","EUR"
"IRL","2007","2988190000","1.516314","709.36752","6.9","0.36","EUR"
"IRL","2008","3255590000","1.738327","767.803137","6.8","0.45","EUR"
"IRL","2009","2963400000","1.748115","725.318798","7.1","0.58","EUR"
"IRL","2010","2803580000","1.67623","724.336045","6.2","0.32","EUR"
"IRL","2011","2890490000","1.669641","760.116206","6.4","1.62","EUR"
"IRL","2012","2698030000","1.527574","713.777428","5.7","0.48","EUR"
"IRL","2013","2631620000","1.438762","702.673744","6.2","0.39","EUR"
"IRL","2014","2659460000","1.325787","697.90449","5.4","0.16","EUR"
"IRL","2015","2793210000","1.025848","734.387135","5.1","0.36","EUR"
"IRL","2016","2915920000","1.056749","771.562056","4.7","0.23","EUR"
"IRL","2017","3050370000","0.989205","795.818542","5","0.22","EUR"
"IRL","2018","3259370000","0.972552","839.305603","6","0.19","EUR"
"IRL","2019","3129720000","0.860398","791.760517","5.5","0.23","EUR"
"IRL","2020","3298050000","0.863977","844.969321","8.7","0.35","EUR"
"IRL","2021","3430610000","0.765001","894.313889","7","0.26","EUR"
"IRL","2022","3738240000","0.717901","994.453862","6.5",,"EUR"
"IRL","2023","4059870000","0.773708","1003.365118",,,"EUR"
"ISL","1998","8619920000","1.406372","403.952229","8.2",,"ISK"
"ISL","1999","9612010000","1.459009","431.247073","0.9",,"ISK"
"ISL","2000","10512730000","1.46302","435.822715","1.5","0.54","ISK"
"ISL","2001","11503210000","1.418566","452.268064","5.4","0.93","ISK"
"ISL","2002","11921380000","1.38122","450.375977","3.6","0.91","ISK"
"ISL","2003","12858090000","1.449427","473.917335","2.2","0.12","ISK"
"ISL","2004","13816340000","1.409611","501.996752","1.5","0.17","ISK"
"ISL","2005","15138160000","1.401798","523.189491","4.8","0.11","ISK"
"ISL","2006","17211700000","1.387821","550.848259","1.6","0.1","ISK"
"ISL","2007","19042190000","1.353722","561.406363","0.3","0.48","ISK"
"ISL","2008","20827640000","1.29778","567.494863","3","0.64","ISK"
"ISL","2009","24373740000","1.492046","624.94029","1.7","0.63","ISK"
"ISL","2010","20520760000","1.205729","479.446092","3.8","0.43","ISK"
"ISL","2011","28374530000","1.589612","650.737382","7","0.89","ISK"
"ISL","2012","25622870000","1.370788","575.792072","5","1.14","ISK"
"ISL","2013","27205820000","1.370766","608.752592","4","0.64","ISK"
"ISL","2014","30258980000","1.4355","660.286356","6.3","0.47","ISK"
"ISL","2015","34650490000","1.483945","730.116681","5","0.11","ISK"
"ISL","2016","33744780000","1.324802","708.509493","5.8","0.24","ISK"
"ISL","2017","38741760000","1.446987","805.081769","10.8","0.53","ISK"
"ISL","2018","41103480000","1.422662","813.731065","15.3","0.63","ISK"
"ISL","2019","44663630000","1.457969","882.418437","9.1","0.56","ISK"
"ISL","2020","46814370000","1.568861","875.373307","7.1","0.18","ISK"
"ISL","2021","53851320000","1.616411","995.874206","9.3","0.002","ISK"
"ISL","2022","58961380000","1.494362","1125.745892","7.2",,"ISK"
"ISL","2023","67632830000","1.547753","1263.097539",,,"ISK"
"ISR","1995","4457817000","1.403222","289.649879","0.1",,"ILS"
"ISR","1996","5375509000","1.463051","317.066949","0",,"ILS"
"ISR","1997","5989370000","1.453502","323.820873","0.1",,"ILS"
"ISR","1998","6732163000","1.469609","336.931217","0.1",,"ILS"
"ISR","1999","7154041000","1.423319","333.274277","0.3",,"ILS"
"ISR","2000","7931068000","1.424909","367.144364","1.5","0.12","ILS"
"ISR","2001","8565666000","1.508629","389.322658","0.6","0.004","ILS"
"ISR","2002","9413594000","1.585315","413.788329","1.3","0.018","ILS"
"ISR","2003","9435614000","1.576677","389.475435","1.4","0.11","ILS"
"ISR","2004","9700945000","1.545487","403.024399","1.4","0.032","ILS"
"ISR","2005","10110564000","1.527217","392.50996","0.1","0.032","ILS"
"ISR","2006","10778657000","1.522347","401.674411","0","0.002","ILS"
"ISR","2007","11287598000","1.487777","421.151673","0.1","0.017","ILS"
"ISR","2008","12148199000","1.530425","429.802191","0","0.026","ILS"
"ISR","2009","13108001000","1.562028","438.724389","0","0.015","ILS"
"ISR","2010","13971207000","1.559019","459.223832","0.1","0.016","ILS"
"ISR","2011","14770452000","1.539746","482.154992","0.1","0.029","ILS"
"ISR","2012","16175771000","1.591509","516.981804","0","0.002","ILS"
"ISR","2013","17374765000","1.61216","561.472775","0","0.002","ILS"
"ISR","2014","17643317000","1.565362","545.000358","0","0.001","ILS"
"ISR","2015","18284199000","1.550119","556.040007","0","0.014","ILS"
"ISR","2016","19138320000","1.547862","591.115532","0.1","0.039","ILS"
"ISR","2017","20876291000","1.617982","638.631488","0.4","0.038","ILS"
"ISR","2018","22214639000","1.64416","660.787847","0.6","0.037","ILS"
"ISR","2019","23242907000","1.627528","672.578946","0.8","0.064","ILS"
"ISR","2020","23503390000","1.662155","680.740232","0.5","0.046","ILS"
"ISR","2021","23431144000","1.480812","683.573487","0.7","0.042","ILS"
"ISR","2022","25524991000","1.446662","775.686821","0.5",,"ILS"
"ISR","2023","27803537000","1.480193","816.64046",,,"ILS"
"ITA","1995","18876000000","1.905664","427.746204","0.8",,"EUR"
"ITA","1996","20936000000","1.998195","461.598848","0.7",,"EUR"
"ITA","1997","21564000000","1.96915","471.351444","0.5",,"EUR"
"ITA","1998","22846000000","2.001828","501.964704","0.5",,"EUR"
"ITA","1999","23284000000","1.977326","507.276765","0.5",,"EUR"
"ITA","2000","24625000000","1.978318","537.155991","0.5","0.54","EUR"
"ITA","2001","24132000000","1.844076","518.813301","0.5","0.47","EUR"
"ITA","2002","25736000000","1.898604","547.424892","0.5","0.37","EUR"
"ITA","2003","27531000000","1.967363","575.437498","0.4","0.32","EUR"
"ITA","2004","27611000000","1.894595","560.437236","0.5","0.32","EUR"
"ITA","2005","28678000000","1.913049","576.551167","0.4","0.32","EUR"
"ITA","2006","28462000000","1.824646","592.164212","0.6","0.3","EUR"
"ITA","2007","29222000000","1.80192","614.590049","0.8","0.33","EUR"
"ITA","2008","28846000000","1.754923","621.63485","0.8","0.32","EUR"
"ITA","2009","30861000000","1.948164","672.149973","0.8","0.32","EUR"
"ITA","2010","31114000000","1.923057","672.571991","0.7","0.31","EUR"
"ITA","2011","31744000000","1.915333","697.033288","0.6","0.29","EUR"
"ITA","2012","30632000000","1.875928","680.607336","0.8","0.38","EUR"
"ITA","2013","30675000000","1.892046","689.826673","0.7","0.34","EUR"
"ITA","2014","30317000000","1.853264","679.511893","0.7","0.3","EUR"
"ITA","2015","30784000000","1.850803","691.911365","0.7","0.31","EUR"
"ITA","2016","30887000000","1.811707","733.425234","0.7","0.27","EUR"
"ITA","2017","31680000000","1.816","765.305131","0.7","0.22","EUR"
"ITA","2018","32503000000","1.828328","793.251228","0.8","0.34","EUR"
"ITA","2019","32921000000","1.824822","851.496605","0.8","0.28","EUR"
"ITA","2020","33513000000","2.006752","891.713238","0.8","0.29","EUR"
"ITA","2021","33890000000","1.839341","916.459051","0.7","0.31","EUR"
"ITA","2022","35162000000","1.759796","1007.674883","0.8",,"EUR"
"ITA","2023","36626000000","1.709417","1026.160897",,,"EUR"
"JPN","2005","6397500000000","1.201373","386.480184","0.7","0.48","JPY"
"JPN","2006","6449600000000","1.205149","405.313499","0.7","0.38","JPY"
"JPN","2007","6437700000000","1.193755","417.997086","0.6","0.38","JPY"
"JPN","2008","6324200000000","1.198165","422.638218","0.7","0.39","JPY"
"JPN","2009","6399600000000","1.293009","433.71957","0.7","0.4","JPY"
"JPN","2010","6124200000000","1.21144","428.074543","0.7","0.38","JPY"
"JPN","2011","6327400000000","1.27197","460.636753","0.7","0.36","JPY"
"JPN","2012","6289600000000","1.256727","472.604381","0.6","0.31","JPY"
"JPN","2013","6370900000000","1.252387","493.465826","0.5","0.25","JPY"
"JPN","2014","6690700000000","1.289622","510.115235","0.5","0.24","JPY"
"JPN","2015","6730000000000","1.250854","511.584474","0.5","0.24","JPY"
"JPN","2016","6681000000000","1.227302","498.247586","0.4","0.21","JPY"
"JPN","2017","6613300000000","1.195737","495.563935","0.4","0.21","JPY"
"JPN","2018","6777100000000","1.217523","513.087793","0.4","0.2","JPY"
"JPN","2019","6959800000000","1.247475","532.399438","0.4","0.19","JPY"
"JPN","2020","6964400000000","1.29055","547.524688","0.4","0.16","JPY"
"JPN","2021","6771000000000","1.224261","543.025276","0.4","0.18","JPY"
"JPN","2022","6817300000000","1.216276","573.985582",,,"JPY"
"JPN","2023","6907500000000","1.16698","591.212639",,,"JPY"
"KOR","1995","4461600000000","0.986671","137.355843","4",,"KRW"
"KOR","1996","4992300000000","0.983184","149.085734","3.4",,"KRW"
"KOR","1997","5308700000000","0.947133","153.824497","3.5",,"KRW"
"KOR","1998","5719300000000","1.027197","159.217098","3.7",,"KRW"
"KOR","1999","5743400000000","0.936827","163.208349","3",,"KRW"
"KOR","2000","6472300000000","0.95782","184.254904","1.5","0.81","KRW"
"KOR","2001","7334900000000","1.001047","204.6361","1.4","0.81","KRW"
"KOR","2002","7768400000000","0.955258","211.814001","1.1","0.57","KRW"
"KOR","2003","8809500000000","1.01479","232.587259","0.9","0.45","KRW"
"KOR","2004","9248100000000","0.98083","241.854739","0.8","0.48","KRW"
"KOR","2005","10160500000000","1.020976","267.284721","0.9","0.54","KRW"
"KOR","2006","11057900000000","1.057501","295.808281","1","0.58","KRW"
"KOR","2007","11718000000000","1.03284","312.489877","0.7","0.43","KRW"
"KOR","2008","12637300000000","1.050506","327.873986","0.6","0.36","KRW"
"KOR","2009","13596200000000","1.083099","332.944137","0.4","0.34","KRW"
"KOR","2010","14016600000000","1.016093","336.533613","0.5","0.38","KRW"
"KOR","2011","14675700000000","1.013112","343.893441","0.5","0.35","KRW"
"KOR","2012","16061200000000","1.067421","374.254211","0.6","0.49","KRW"
"KOR","2013","17061600000000","1.086077","389.295922","0.5","0.39","KRW"
"KOR","2014","17879600000000","1.091228","404.105323","0.4","0.31","KRW"
"KOR","2015","19266300000000","1.106765","440.428246","0.4","0.26","KRW"
"KOR","2016","21060600000000","1.148952","478.798587","0.6","0.3","KRW"
"KOR","2017","21868000000000","1.130577","487.910713","0.5","0.31","KRW"
"KOR","2018","22296000000000","1.110926","505.59439","0.5","0.29","KRW"
"KOR","2019","24467700000000","1.199048","557.691732","0.4","0.22","KRW"
"KOR","2020","26226900000000","1.274099","610.057587","0.4","0.26","KRW"
"KOR","2021","28486000000000","1.282048","663.053049","0.4","0.25","KRW"
"KOR","2022","28378600000000","1.221225","677.893884","0.4",,"KRW"
"KOR","2023","29678900000000","1.232161","707.627475",,,"KRW"
"LTU","1995","141810000","1.814756","109.293716","30.6",,"EUR"
"LTU","1996","186010000","1.904592","123.402237","25.9",,"EUR"
"LTU","1997","275140000","2.335665","167.392684","21.2",,"EUR"
"LTU","1998","334340000","2.556411","200.583522","19.1",,"EUR"
"LTU","1999","273220000","2.139697","169.429767","16.1",,"EUR"
"LTU","2000","270190000","2.019134","171.113368","17.4","5.39","EUR"
"LTU","2001","270500000","1.904381","178.99916","20.4","5.59","EUR"
"LTU","2002","288580000","1.897759","195.383899","19","5.3","EUR"
"LTU","2003","309340000","1.855184","216.312241","20.7","6.24","EUR"
"LTU","2004","334160000","1.824735","230.008216","19.5","5.77","EUR"
"LTU","2005","362970000","1.729584","241.29985","21.5","6.94","EUR"
"LTU","2006","426180000","1.77578","275.642934","23.2","7.12","EUR"
"LTU","2007","477830000","1.645757","295.720139","24.2","7.64","EUR"
"LTU","2008","595840000","1.823083","353.860571","22.7","7.08","EUR"
"LTU","2009","494950000","1.834952","312.944402","18.3","5.9","EUR"
"LTU","2010","513590000","1.856566","347.528875","17.3","6.52","EUR"
"LTU","2011","577970000","1.860432","401.06559","14.7","3.71","EUR"
"LTU","2012","587640000","1.767847","411.470866","14.6","4.06","EUR"
"LTU","2013","569500000","1.63302","406.456715","14.3","4.17","EUR"
"LTU","2014","603860000","1.658495","435.765274","14.3","3.44","EUR"
"LTU","2015","605230000","1.616502","435.624606","16.3","3.91","EUR"
"LTU","2016","570060000","1.468444","421.428445","14.4","3.79","EUR"
"LTU","2017","621360000","1.46982","460.127937","13.7","3.73","EUR"
"LTU","2018","623390000","1.356747","495.10325","10.9","3.45","EUR"
"LTU","2019","679570000","1.380139","559.837362","9","1.66","EUR"
"LTU","2020","753420000","1.498908","618.49015","8.3","1.99","EUR"
"LTU","2021","720090000","1.270456","582.802845","8.4","1.17","EUR"
"LTU","2022","828270000","1.227877","625.431393","9.2",,"EUR"
"LTU","2023","911100000","1.234673","646.329521","8.9",,"EUR"
"LUX","1995","115750000","0.759542","291.247228","5.9",,"EUR"
"LUX","1996","124980000","0.779315","309.561584","3.7",,"EUR"
"LUX","1997","132900000","0.766029","325.468064","3",,"EUR"
"LUX","1998","134930000","0.744194","329.455323","4",,"EUR"
"LUX","1999","185890000","0.904673","450.931267","2.8",,"EUR"
"LUX","2000","203190000","0.883972","487.387239","6.2","0.91","EUR"
"LUX","2001","231000000","0.967341","543.025015","5.1","0.83","EUR"
"LUX","2002","255540000","1.021707","598.471585","2.6","0.91","EUR"
"LUX","2003","281210000","1.072204","645.382872","2.7","0.92","EUR"
"LUX","2004","303100000","1.075227","695.518649","3.4","0.82","EUR"
"LUX","2005","323440000","1.068129","734.743041","2.5","1.18","EUR"
"LUX","2006","330470000","0.966992","762.58128","3.9","1.32","EUR"
"LUX","2007","333640000","0.886353","754.517782","5.2","1.76","EUR"
"LUX","2008","360270000","0.90046","819.154786","6.5","1.26","EUR"
"LUX","2009","381320000","0.976473","848.736657","6.2","1.21","EUR"
"LUX","2010","421880000","0.994936","898.785832","2.2","0.67","EUR"
"LUX","2011","438590000","0.989521","934.850255","3.4","0.43","EUR"
"LUX","2012","449370000","0.965842","933.355305","1.1","0.36","EUR"
"LUX","2013","482390000","0.982575","991.663576","1.3","0.36","EUR"
"LUX","2014","504670000","0.97443","1026.038222","1.4","0.53","EUR"
"LUX","2015","530990000","0.98073","1057.812661","2.1","0.38","EUR"
"LUX","2016","548010000","0.974967","1105.272826","0.5","0.24","EUR"
"LUX","2017","595340000","1.02347","1176.845494","0.8","0.09","EUR"
"LUX","2018","666440000","1.107165","1291.379994","1.5","0.053","EUR"
"LUX","2019","764270000","1.224497","1486.192984","1.6","0.001","EUR"
"LUX","2020","826800000","1.281876","1564.743683","2.6","0.055","EUR"
"LUX","2021","872860000","1.195052","1634.501837","2.7","0.081","EUR"
"LUX","2022","947780000","1.235195","1814.73816","2.4",,"EUR"
"LUX","2023","1075890000","1.310216","1971.982717","2.4",,"EUR"
"LVA","1995","108790000","2.76645","149.140592","15.2",,"EUR"
"LVA","1996","118970000","2.617912","148.916001","9.9",,"EUR"
"LVA","1997","122020000","2.324863","147.993943","11.4",,"EUR"
"LVA","1998","140850000","2.406305","166.572676","16.3",,"EUR"
"LVA","1999","155510000","2.550129","185.045942","14.6",,"EUR"
"LVA","2000","161270000","2.407748","188.981913","18.1","6.37","EUR"
"LVA","2001","169980000","2.322848","204.590867","15.8","5.23","EUR"
"LVA","2002","190510000","2.341728","224.075096","14.3","5.65","EUR"
"LVA","2003","213570000","2.335944","238.108322","14.9","5.04","EUR"
"LVA","2004","254950000","2.398656","271.507377","15.9","4.03","EUR"
"LVA","2005","299960000","2.289313","293.624345","18","5.98","EUR"
"LVA","2006","439590000","2.697731","382.538252","20.1","4.53","EUR"
"LVA","2007","557660000","2.592643","421.188657","15.5","4.77","EUR"
"LVA","2008","529540000","2.267654","395.555693","10.8","3.51","EUR"
"LVA","2009","388180000","2.100258","326.486905","12.7","3.78","EUR"
"LVA","2010","346510000","1.955514","320.184164","8.5","2.3","EUR"
"LVA","2011","372820000","1.950175","344.80055","5.6","1.28","EUR"
"LVA","2012","393350000","1.863836","361.892005","8.4","1.83","EUR"
"LVA","2013","438300000","1.996248","408.702261","6.9","1","EUR"
"LVA","2014","475690000","2.087229","449.874263","7.3","1.44","EUR"
"LVA","2015","486150000","2.047442","461.573639","7.3","0.85","EUR"
"LVA","2016","540350000","2.205675","530.761428","8.1","1.4","EUR"
"LVA","2017","628810000","2.416908","622.691907","9.2","1.27","EUR"
"LVA","2018","641000000","2.276809","678.89433","7.1","1.03","EUR"
"LVA","2019","684150000","2.313897","745.053973","6.2","0.65","EUR"
"LVA","2020","674160000","2.306844","755.293575","6","1.02","EUR"
"LVA","2021","733700000","2.272658","838.883948","6.4","0.8","EUR"
"LVA","2022","766000000","2.122546","860.877996","10",,"EUR"
"LVA","2023","1018010000","2.573057","1095.515242","13.8",,"EUR"
"NLD","1995","4642000000","1.40653","330.256766","0.3",,"EUR"
"NLD","1996","4958000000","1.435853","352.704614","0.5",,"EUR"
"NLD","1997","5211000000","1.409674","367.383954","0.6",,"EUR"
"NLD","1998","5639000000","1.428177","396.30235","0.4",,"EUR"
"NLD","1999","6039000000","1.437368","421.382518","0.6",,"EUR"
"NLD","2000","6722000000","1.48654","474.126859","0.7","0.11","EUR"
"NLD","2001","7581000000","1.569757","522.09259","0.7","0.11","EUR"
"NLD","2002","8366000000","1.663548","575.062946","0.8","0.16","EUR"
"NLD","2003","8980000000","1.744025","597.962953","0.7","0.052","EUR"
"NLD","2004","9266000000","1.743128","626.84142","1","0.13","EUR"
"NLD","2005","9503000000","1.718066","649.059261","0.8","0.11","EUR"
"NLD","2006","10316000000","1.756082","723.647198","0.7","0.044","EUR"
"NLD","2007","11226000000","1.802577","796.800403","0.7","0.05","EUR"
"NLD","2008","11829000000","1.816217","848.433657","0.9","0.099","EUR"
"NLD","2009","12514000000","1.985804","892.80094","1","0.12","EUR"
"NLD","2010","12365000000","1.922951","871.121359","0.7","0.091","EUR"
"NLD","2011","12279000000","1.871762","879.805429","0.8","0.12","EUR"
"NLD","2012","12494000000","1.898115","904.515174","0.8","0.13","EUR"
"NLD","2013","12924000000","1.941803","963.562496","0.8","0.06","EUR"
"NLD","2014","12552000000","1.849617","920.208648","0.8","0.097","EUR"
"NLD","2015","13005000000","1.860049","947.819636","1","0.11","EUR"
"NLD","2016","13291000000","1.845524","981.122439","1.1","0.089","EUR"
"NLD","2017","13151000000","1.751456","981.473344","1.3","0.12","EUR"
"NLD","2018","14111000000","1.79239","1054.270362","1.2","0.075","EUR"
"NLD","2019","14925000000","1.798698","1121.402651","1.2","0.079","EUR"
"NLD","2020","16020000000","1.962122","1228.222241","1.4","0.068","EUR"
"NLD","2021","16883000000","1.893668","1298.555881","1.4","0.08","EUR"
"NLD","2022","17909000000","1.802037","1416.947853","1.5",,"EUR"
"NLD","2023","19484000000","1.855384","1516.381073","1.5",,"EUR"
"NOR","1995","9632000000","1.000064","243.61941","1.9",,"NOK"
"NOR","1996","10383000000","0.984477","264.098683","1.8",,"NOK"
"NOR","1997","10926000000","0.957296","273.882965","1.5",,"NOK"
"NOR","1998","12139000000","1.043154","294.172388","1.6",,"NOK"
"NOR","1999","13952000000","1.101651","336.815793","1.6",,"NOK"
"NOR","2000","14680000000","0.972745","359.861084","1.5","0.16","NOK"
"NOR","2001","15418000000","0.984102","372.280318","2.2","0.25","NOK"
"NOR","2002","17657000000","1.12886","429.601499","2.5","0.18","NOK"
"NOR","2003","17804000000","1.096241","424.023726","7.1","0.091","NOK"
"NOR","2004","18231000000","1.019561","435.018214","8.3","0.26","NOK"
"NOR","2005","17670000000","0.884811","424.416016","6.9","0.24","NOK"
"NOR","2006","18891000000","0.849083","461.540892","7.4","0.13","NOK"
"NOR","2007","19866000000","0.841718","472.870702","7.4","0.28","NOK"
"NOR","2008","21423000000","0.817006","507.138118","7.3","0.23","NOK"
"NOR","2009","23222000000","0.951834","529.672728","7.7","0.33","NOK"
"NOR","2010","24543000000","0.942023","548.380979","7.5","0.32","NOK"
"NOR","2011","25859000000","0.920272","574.802954","6","0.22","NOK"
"NOR","2012","27279000000","0.914457","601.478119","6.3","0.2","NOK"
"NOR","2013","30270000000","0.979505","659.970465","6.3","0.3","NOK"
"NOR","2014","32151000000","1.016865","674.51172","6.6","0.33","NOK"
"NOR","2015","33381000000","1.066423","647.722961","6.2","0.25","NOK"
"NOR","2016","36203000000","1.161829","688.734578","6.6","0.12","NOK"
"NOR","2017","38183000000","1.149016","742.14462",,"0.21","NOK"
"NOR","2018","41066000000","1.148192","806.648711",,"0.28","NOK"
"NOR","2019","43903000000","1.220566","865.864901",,"0.26","NOK"
"NOR","2020","44230000000","1.277742","857.500427",,"0.31","NOK"
"NOR","2021","45413000000","1.050271","934.57474",,"0.29","NOK"
"NOR","2022","49882000000","0.8701","1091.884425",,,"NOK"
"NOR","2023","52308000000","1.025334","1062.630312",,,"NOK"
"POL","1995","6993000000","2.018875","155.747734","7",,"PLN"
"POL","1996","10356000000","2.388553","198.495871","6.4",,"PLN"
"POL","1997","13402000000","2.55598","229.197707",,,"PLN"
"POL","1998","15896000000","2.609427","248.436053",,,"PLN"
"POL","1999","11452000000","1.691073","170.471837","4.1",,"PLN"
"POL","2000","13253000000","1.763143","189.030157","4.3","1.12","PLN"
"POL","2001","15539000000","1.978722","221.12779","4.5","1.17","PLN"
"POL","2002","16072000000","1.972605","233.581504","4.3","1.1","PLN"
"POL","2003","18621000000","2.190703","270.089645","4.5","1.2","PLN"
"POL","2004","18957000000","2.022427","271.269275","4.6","1.14","PLN"
"POL","2005","21357000000","2.150121","299.631325","5.4","1.19","PLN"
"POL","2006","23742000000","2.211902","336.317023","5.5","1.17","PLN"
"POL","2007","26900000000","2.261587","380.698329","4.6","0.89","PLN"
"POL","2008","30233000000","2.342882","430.44318","4.3","0.92","PLN"
"POL","2009","32746000000","2.380412","459.423563","4.3","0.93","PLN"
"POL","2010","34872000000","2.418895","507.74813","4","0.88","PLN"
"POL","2011","35819000000","2.290313","522.386071","3.5","0.71","PLN"
"POL","2012","36699000000","2.26224","536.787494","3.7","0.69","PLN"
"POL","2013","36995000000","2.258867","551.929097","3.4","0.63","PLN"
"POL","2014","38444500000","2.247973","572.328108","3.1","0.58","PLN"
"POL","2015","39884100000","2.204072","594.837405","3","0.44","PLN"
"POL","2016","40585300000","2.175036","616.8335","2.7","0.49","PLN"
"POL","2017","42426220000","2.124672","641.019602","3.2","0.51","PLN"
"POL","2018","44700890000","2.081447","673.246324","3.7","0.79","PLN"
"POL","2019","47926170000","2.071203","743.196679","3.6","1.17","PLN"
"POL","2020","54544940000","2.308381","856.162326","4.2","1.54","PLN"
"POL","2021","57495590000","2.160256","886.991954","5","1.22","PLN"
"POL","2022","71396640000","2.302486","1077.04664","4.9",,"PLN"
"POL","2023","76966670000","2.253602","1092.39043",,,"PLN"
"PRT","1995","1389890000","1.561173","224.907697","1.6",,"EUR"
"PRT","1996","1497300000","1.586937","236.802697","1.2",,"EUR"
"PRT","1997","1676300000","1.638116","258.650107","0.9",,"EUR"
"PRT","1998","1982300000","1.780188","297.078472","1",,"EUR"
"PRT","1999","2009170000","1.679862","297.640426","0.8",,"EUR"
"PRT","2000","2229220000","1.735957","327.802816","0.6","0.32","EUR"
"PRT","2001","2365480000","1.742206","340.228087","0.8","0.37","EUR"
"PRT","2002","2602760000","1.825803","371.672276","0.7","0.32","EUR"
"PRT","2003","2904060000","1.988158","414.522907","0.7","0.35","EUR"
"PRT","2004","2935000000","1.927771","413.999793",,"0.26","EUR"
"PRT","2005","3114470000","1.964312","446.395383",,"0.23","EUR"
"PRT","2006","3106670000","1.868556","461.108865",,"0.2","EUR"
"PRT","2007","3181100000","1.812764","466.5696","0.2","0.19","EUR"
"PRT","2008","3282830000","1.832931","488.766339","0.3","0.12","EUR"
"PRT","2009","3607680000","2.056637","544.431152","0.3","0.17","EUR"
"PRT","2010","3586980000","1.994314","544.289787","0.4","0.17","EUR"
"PRT","2011","3483000000","1.975408","529.473238","0.2","0.15","EUR"
"PRT","2012","3126880000","1.855288","491.210226","0.2","0.11","EUR"
"PRT","2013","3498520000","2.049806","573.250588","0.4","0.24","EUR"
"PRT","2014","3291430000","1.90051","546.672712","0.7","0.28","EUR"
"PRT","2015","3334580000","1.858816","550.358312","0.6","0.23","EUR"
"PRT","2016","3327510000","1.785329","563.972465","0.6","0.19","EUR"
"PRT","2017","3341460000","1.709107","563.506871","0.8","0.31","EUR"
"PRT","2018","3508360000","1.711415","597.22898","0.9","0.35","EUR"
"PRT","2019","3546440000","1.65343","626.080487","0.9","0.32","EUR"
"PRT","2020","3817720000","1.899054","683.027365",,"0.34","EUR"
"PRT","2021","3800510000","1.755483","678.628626",,"0.33","EUR"
"PRT","2022","3973630000","1.628823","737.042812","1.6",,"EUR"
"PRT","2023","4279850000","1.583062","781.286127",,,"EUR"
"ROU","1995","102600000","1.34812","73.818878","8",,"RON"
"ROU","1996","180400000","1.584165","91.830506","8.6",,"RON"
"ROU","1997","185800000","0.728625","40.898504","7.8",,"RON"
"ROU","1998","200000000","0.540428","30.153198","7.2",,"RON"
"ROU","1999","901600000","1.635514","92.249542","6.1",,"RON"
"ROU","2000","1820400000","2.250934","131.787943","5.8","4.27","RON"
"ROU","2001","1869000000","1.59211","103.183912","5.9","4.44","RON"
"ROU","2002","3025800000","1.987109","139.587273","5.6","4.2","RON"
"ROU","2003","3662300000","1.908267","139.185407","5.4","4.08","RON"
"ROU","2004","4563900000","1.865189","161.386235","5.2","3.82","RON"
"ROU","2005","5837300000","2.034882","187.807662","4.6","3.51","RON"
"ROU","2006","8279600000","2.415549","263.460795","5.7","3.1","RON"
"ROU","2007","10193800000","2.394647","308.480432","5.1","2.64","RON"
"ROU","2008","11569700000","2.143206","336.681209","5.2","2.73","RON"
"ROU","2009","10837400000","2.041251","318.706075","5","2.59","RON"
"ROU","2010","12685000000","2.347129","384.601015","5.2","2.53","RON"
"ROU","2011","12273200000","2.089998","373.199525","4.4","2.48","RON"
"ROU","2012","12859900000","2.070122","388.482158","3.8","2.22","RON"
"ROU","2013","13978800000","2.213117","408.065715","3.8","2.16","RON"
"ROU","2014","14091200000","2.106607","407.79267","3.7","1.93","RON"
"ROU","2015","16144000000","2.26567","457.70745","3.5","1.95","RON"
"ROU","2016","15532900000","2.065191","460.424281","3.5","1.91","RON"
"ROU","2017","17088400000","2.006574","503.835602","3.3","1.95","RON"
"ROU","2018","20519000000","2.152984","595.916568","3.1","1.75","RON"
"ROU","2019","23452500000","2.212871","696.715846","3.2","1.76","RON"
"ROU","2020","25627800000","2.409419","776.057827","3","1.88","RON"
"ROU","2021","26064200000","2.197627","784.855582",,"1.92","RON"
"ROU","2022","29458800000","2.127607","869.863505","3",,"RON"
"ROU","2023","42534700000","2.673878","1257.752927",,,"RON"
"SVK","1995","803460000","4.01174","353.507559","3.5",,"EUR"
"SVK","1996","937800000","4.2152","400.425915","3.3",,"EUR"
"SVK","1997","1061880000","4.320369","437.959573","3.6",,"EUR"
"SVK","1998","1102000000","4.112595","438.666616","2.8",,"EUR"
"SVK","1999","1023430000","3.576659","383.619664","3",,"EUR"
"SVK","2000","1165550000","3.684716","418.95193","3.1","1.07","EUR"
"SVK","2001","1259220000","3.670411","453.932145","2.9","0.94","EUR"
"SVK","2002","1164230000","3.123584","415.180124","2.7","0.9","EUR"
"SVK","2003","977340000","2.371556","334.111065","3.1","0.79","EUR"
"SVK","2004","1031200000","2.241897","340.003503","2.6","0.94","EUR"
"SVK","2005","1083990000","2.156083","357.268488","3","0.68","EUR"
"SVK","2006","1304350000","2.314768","437.623544",,"0.81","EUR"
"SVK","2007","1407470000","2.22769","472.989185",,"0.76","EUR"
"SVK","2008","1564640000","2.282259","541.217919","3.2","0.69","EUR"
"SVK","2009","1738920000","2.714724","626.486832","3.2","0.81","EUR"
"SVK","2010","1761210000","2.562628","650.438757","2.3","0.61","EUR"
"SVK","2011","1565540000","2.185607","572.665071",,"0.62","EUR"
"SVK","2012","1844500000","2.501777","676.049448","2.7","0.56","EUR"
"SVK","2013","2085750000","2.794313","784.515517","2.6","0.56","EUR"
"SVK","2014","1618310000","2.113717","615.262137","2.7","0.56","EUR"
"SVK","2015","2150060000","2.674992","806.456412",,"0.49","EUR"
"SVK","2016","2215980000","2.714944","810.898941","2","0.45","EUR"
"SVK","2017","1833010000","2.157488","652.549205","2.1","0.32","EUR"
"SVK","2018","2010120000","2.226642","701.610853","1.8","0.5","EUR"
"SVK","2019","2360410000","2.496534","848.463922","2.4","0.36","EUR"
"SVK","2020","2524000000","2.67598","945.368737","2.1","0.68","EUR"
"SVK","2021","2363610000","2.319731","889.526102","2.1","0.58","EUR"
"SVK","2022","2633080000","2.394585","995.241062","2.2",,"EUR"
"SVK","2023","2971230000","2.405101","1105.719536","2.2",,"EUR"
"SVN","1995","173100000","1.637913","223.365327","2.2",,"EUR"
"SVN","1996","208230000","1.717127","245.280248","2.3",,"EUR"
"SVN","1997","231870000","1.67871","256.118853","1.6",,"EUR"
"SVN","1998","257650000","1.684973","269.486233","1.8",,"EUR"
"SVN","1999","291470000","1.69959","289.044833","1.9",,"EUR"
"SVN","2000","340090000","1.815564","324.833192","1.1","0.48","EUR"
"SVN","2001","392250000","1.873427","351.519963","1.9","0.88","EUR"
"SVN","2002","438000000","1.882039","376.488734","1.5","0.36","EUR"
"SVN","2003","482690000","1.902126","397.840247","1.3","0.59","EUR"
"SVN","2004","506190000","1.846002","416.970897","1.2","0.65","EUR"
"SVN","2005","518260000","1.792931","424.608653","1.3","0.55","EUR"
"SVN","2006","562150000","1.796325","459.339591","1.4","0.83","EUR"
"SVN","2007","590300000","1.689617","464.10469","1.8","0.32","EUR"
"SVN","2008","646080000","1.711831","504.321387","3.2","0.46","EUR"
"SVN","2009","664030000","1.853261","504.61783","3.4","0.4","EUR"
"SVN","2010","682050000","1.891915","521.779288","3","0.45","EUR"
"SVN","2011","674320000","1.833277","526.43723","3.8","0.55","EUR"
"SVN","2012","627350000","1.74586","502.575693","2.9","0.29","EUR"
"SVN","2013","657810000","1.825158","540.868466","2.6","0.49","EUR"
"SVN","2014","619020000","1.660865","507.759308","1.8","0.44","EUR"
"SVN","2015","607300000","1.577653","494.376547","2.3","0.39","EUR"
"SVN","2016","688100000","1.719684","577.387104","2.2","0.4","EUR"
"SVN","2017","689940000","1.618609","585.613509","2.6","0.35","EUR"
"SVN","2018","701760000","1.543604","596.143052","2.7","0.25","EUR"
"SVN","2019","775540000","1.610459","682.403875","2","0.19","EUR"
"SVN","2020","822340000","1.759441","734.870411","2.4","0.19","EUR"
"SVN","2021","908630000","1.746277","801.786814","1.5","0.22","EUR"
"SVN","2022","918000000","1.613878","844.818458","1.5",,"EUR"
"SVN","2023","1051490000","1.64167","920.387673","1.4",,"EUR"
"SWE","1995","25605000000","1.344129","310.279938","1.5",,"SEK"
"SWE","1996","26816000000","1.369691","328.065173","1.5",,"SEK"
"SWE","1997","26090000000","1.273889","316.138994","1.2",,"SEK"
"SWE","1998","27678000000","1.28524","332.839571","1.5",,"SEK"
"SWE","1999","29269000000","1.291358","355.077589","1.7",,"SEK"
"SWE","2000","29487000000","1.224149","362.79177","2.5","0.18","SEK"
"SWE","2001","31921000000","1.274401","381.6326","3.5","0.18","SEK"
"SWE","2002","34147000000","1.311617","406.434374","2.9","0.13","SEK"
"SWE","2003","35715000000","1.322087","420.258908","3","0.23","SEK"
"SWE","2004","35618000000","1.260374","426.067716","2.9","0.21","SEK"
"SWE","2005","36782000000","1.256591","429.733678","3.3","0.18","SEK"
"SWE","2006","39492000000","1.266785","477.219008","3.4","0.26","SEK"
"SWE","2007","41713000000","1.259399","513.996126","3.9","0.29","SEK"
"SWE","2008","43510000000","1.282772","537.567437","3.8","0.24","SEK"
"SWE","2009","44567000000","1.34071","537.544529","4.2","0.27","SEK"
"SWE","2010","47306000000","1.331995","558.791392","4.3","0.26","SEK"
"SWE","2011","48491000000","1.308864","580.252226","4.3","0.17","SEK"
"SWE","2012","50346000000","1.351754","611.087124","4.3","0.17","SEK"
"SWE","2013","51027000000","1.34106","618.204817","4.6","0.14","SEK"
"SWE","2014","52510000000","1.324784","620.547245","5.3","0.12","SEK"
"SWE","2015","53366000000","1.261328","615.175996","6.1","0.18","SEK"
"SWE","2016","56114000000","1.277408","642.405627","5.6","0.16","SEK"
"SWE","2017","58819000000","1.285629","661.766299","6.1","0.23","SEK"
"SWE","2018","62460000000","1.307286","694.462268","5.3","0.13","SEK"
"SWE","2019","65346000000","1.301355","742.376716","4.9","0.19","SEK"
"SWE","2020","69481000000","1.386056","796.833675","5.1","0.1","SEK"
"SWE","2021","73069000000","1.348694","846.058635","4.2","0.15","SEK"
"SWE","2022","79835000000","1.372581","920.667905","4.4",,"SEK"
"SWE","2023","90103000000","1.466714","1015.352417","4.1",,"SEK"
"USA","1995","147468338000","1.930277","553.813451","3.4",,"USD"
"USA","1996","157028124000","1.945073","582.893917","3.5",,"USD"
"USA","1997","166518827000","1.941332","610.726221","3.7",,"USD"
"USA","1998","178490373000","1.96948","647.046442","3.9",,"USD"
"USA","1999","193328239000","2.007317","692.833246","4.4",,"USD"
"USA","2000","208038842000","2.02946","737.302047","4.5","0.35","USD"
"USA","2001","224111241000","2.117867","786.440841","4.8","0.36","USD"
"USA","2002","237592539000","2.173942","826.04875","6","0.38","USD"
"USA","2003","244496720000","2.134142","842.779056","6.6","0.37","USD"
"USA","2004","258055997000","2.112236","881.323043","7","0.36","USD"
"USA","2005","271234669000","2.080148","917.832109","7.9","0.38","USD"
"USA","2006","287810168000","2.083228","964.575946","9.3","0.37","USD"
"USA","2007","308144940000","2.128922","1022.95166","9.9","0.4","USD"
"USA","2008","329027758000","2.227698","1081.994008","10.2","0.43","USD"
"USA","2009","335320511000","2.316059","1093.06284","10.3","0.43","USD"
"USA","2010","340218020000","2.26074","1099.683619","10.6","0.4","USD"
"USA","2011","340615827000","2.183473","1092.279696","11.6","0.44","USD"
"USA","2012","339539731000","2.088965","1080.170063","11.5","0.4","USD"
"USA","2013","344103866000","2.042985","1088.857609","12.2","0.4","USD"
"USA","2014","355338715000","2.024644","1116.659637","13.1","0.42","USD"
"USA","2015","367384062000","2.017926","1147.180344","14.7","0.42","USD"
"USA","2016","377342978000","2.018405","1170.202933","17.9","0.48","USD"
"USA","2017","387046336000","1.987163","1193.24578","19.8","0.47","USD"
"USA","2018","409599825000","1.994831","1254.263379","19","0.49","USD"
"USA","2019","429915824000","2.01074","1311.564568","19.9","0.52","USD"
"USA","2020","446793193000","2.121477","1366.263441","26.3","0.5","USD"
"USA","2021","461744663000","1.980455","1412.210955","30.6","0.53","USD"
"USA","2022","486324180000","1.899344","1478.846603","30.8",,"USD"
"USA","2023","513935040000","1.883086","1549.866763",,,"USD"
